JAVA;Select N;100;0;0,000000;
JAVA;Select N;1000;0;0,000000;
JAVA;Select N;2000;0;0,000000;
JAVA;Select N;3000;0;0,000000;
JAVA;Select N;4000;0;0,000000;
JAVA;Select N;5000;0;0,000000;
JAVA;Select N;6000;0;0,000000;
JAVA;Select N;7000;0;0,000000;
JAVA;Select N;8000;0;0,000000;
JAVA;Select N;9000;0;0,000000;
JAVA;Select N;10000;0;0,000000;
JAVA;Select N;11000;0;0,000000;
JAVA;Select N;12000;0;0,000000;
JAVA;Select N;13000;0;0,000000;
JAVA;Select N;14000;0;0,000000;
JAVA;Select N;15000;0;0,000000;
JAVA;Select N;16000;0;0,000000;
JAVA;Select N;17000;0;0,000000;
JAVA;Select N;18000;0;0,000000;
JAVA;Select N;19000;0;0,000000;
JAVA;Select N;20000;0;0,000000;
JAVA;Select N;21000;0;0,000000;
JAVA;Select N;22000;0;0,000000;
JAVA;Select N;23000;0;0,000000;
JAVA;Select N;24000;0;0,000000;
JAVA;Select N;25000;0;0,000000;
JAVA;Select N;26000;0;0,000000;
JAVA;Select N;27000;0;0,000000;
JAVA;Select N;28000;0;0,000000;
JAVA;Select N;29000;0;0,000000;
JAVA;Select N;30000;0;0,000000;
JAVA;Select N;31000;0;0,000000;
JAVA;Select N;32000;0;0,000000;
JAVA;Select N;33000;0;0,000000;
JAVA;Select N;34000;0;0,000000;
JAVA;Select N;35000;0;0,000000;
JAVA;Select N;36000;0;0,000000;
JAVA;Select N;37000;0;0,000000;
JAVA;Select N;38000;0;0,000000;
JAVA;Select N;39000;0;0,000000;
JAVA;Select N;40000;0;0,000000;
JAVA;Select N;41000;0;0,000000;
JAVA;Select N;42000;0;0,000000;
JAVA;Select N;43000;0;0,000000;
JAVA;Select N;44000;0;0,000000;
JAVA;Select N;45000;0;0,000000;
JAVA;Select N;46000;0;0,000000;
JAVA;Select N;47000;0;0,000000;
JAVA;Select N;48000;0;0,000000;
JAVA;Select N;49000;0;0,000000;
JAVA;Select N;50000;0;0,000000;
JAVA;Select N;51000;0;0,000000;
JAVA;Select N;52000;0;0,000000;
JAVA;Select N;53000;0;0,000000;
JAVA;Select N;54000;0;0,000000;
JAVA;Select N;55000;0;0,000000;
JAVA;Select N;56000;0;0,000000;
JAVA;Select N;57000;0;0,000000;
JAVA;Select N;58000;0;0,000000;
JAVA;Select N;59000;0;0,000000;
JAVA;Select N;60000;0;0,000000;
JAVA;Select N;61000;0;0,000000;
JAVA;Select N;62000;0;0,000000;
JAVA;Select N;63000;0;0,000000;
JAVA;Select N;64000;0;0,000000;
JAVA;Select N;65000;0;0,000000;
JAVA;Select N;66000;0;0,000000;
JAVA;Select N;67000;0;0,000000;
JAVA;Select N;68000;0;0,000000;
JAVA;Select N;69000;0;0,000000;
JAVA;Select N;70000;0;0,000000;
JAVA;Select N;71000;0;0,000000;
JAVA;Select N;72000;0;0,000000;
JAVA;Select N;73000;0;0,000000;
JAVA;Select N;74000;0;0,000000;
JAVA;Select N;75000;0;0,000000;
JAVA;Select N;76000;0;0,000000;
JAVA;Select N;77000;0;0,000000;
JAVA;Select N;78000;0;0,000000;
JAVA;Select N;79000;0;0,000000;
JAVA;Select N;80000;0;0,000000;
JAVA;Select N;81000;0;0,000000;
JAVA;Select N;82000;0;0,000000;
JAVA;Select N;83000;0;0,000000;
JAVA;Select N;84000;0;0,000000;
JAVA;Select N;85000;0;0,000000;
JAVA;Select N;86000;0;0,000000;
JAVA;Select N;87000;0;0,000000;
JAVA;Select N;88000;0;0,000000;
JAVA;Select N;89000;0;0,000000;
JAVA;Select N;90000;0;0,000000;
JAVA;Select N;91000;0;0,000000;
JAVA;Select N;92000;0;0,000000;
JAVA;Select N;93000;0;0,000000;
JAVA;Select N;94000;0;0,000000;
JAVA;Select N;95000;0;0,000000;
JAVA;Select N;96000;0;0,000000;
JAVA;Select N;97000;0;0,000000;
JAVA;Select N;98000;0;0,000000;
JAVA;Select N;99000;0;0,000000;
JAVA;Select N;100000;0;0,000000;
JAVA;Select N;101000;0;0,000000;
JAVA;Select N;102000;0;0,000000;
JAVA;Select N;103000;0;0,000000;
JAVA;Select N;104000;0;0,000000;
JAVA;Select N;105000;0;0,000000;
JAVA;Select N;106000;0;0,000000;
JAVA;Select N;107000;0;0,000000;
JAVA;Select N;108000;0;0,000000;
JAVA;Select N;109000;0;0,000000;
JAVA;Select N;110000;0;0,000000;
JAVA;Select N;111000;0;0,000000;
JAVA;Select N;112000;0;0,000000;
JAVA;Select N;113000;0;0,000000;
JAVA;Select N;114000;0;0,000000;
JAVA;Select N;115000;0;0,000000;
JAVA;Select N;116000;0;0,000000;
JAVA;Select N;117000;0;0,000000;
JAVA;Select N;118000;0;0,000000;
JAVA;Select N;119000;0;0,000000;
JAVA;Select N;120000;0;0,000000;
JAVA;Select N;121000;0;0,000000;
JAVA;Select N;122000;0;0,000000;
JAVA;Select N;123000;0;0,000000;
JAVA;Select N;124000;0;0,000000;
JAVA;Select N;125000;0;0,000000;
JAVA;Select N;126000;0;0,000000;
JAVA;Select N;127000;0;0,000000;
JAVA;Select N;128000;0;0,000000;
JAVA;Select N;129000;0;0,000000;
JAVA;Select N;130000;0;0,000000;
JAVA;Select N;131000;0;0,000000;
JAVA;Select N;132000;0;0,000000;
JAVA;Select N;133000;0;0,000000;
JAVA;Select N;134000;0;0,000000;
JAVA;Select N;135000;0;0,000000;
JAVA;Select N;136000;0;0,000000;
JAVA;Select N;137000;0;0,000000;
JAVA;Select N;138000;0;0,000000;
JAVA;Select N;139000;0;0,000000;
JAVA;Select N;140000;0;0,000000;
JAVA;Select N;141000;0;0,000000;
JAVA;Select N;142000;0;0,000000;
JAVA;Select N;143000;0;0,000000;
JAVA;Select N;144000;0;0,000000;
JAVA;Select N;145000;0;0,000000;
JAVA;Select N;146000;0;0,000000;
JAVA;Select N;147000;0;0,000000;
JAVA;Select N;148000;0;0,000000;
JAVA;Select N;149000;0;0,000000;
JAVA;Select N;150000;0;0,000000;
JAVA;Select N;151000;0;0,000000;
JAVA;Select N;152000;0;0,000000;
JAVA;Select N;153000;0;0,000000;
JAVA;Select N;154000;0;0,000000;
JAVA;Select N;155000;0;0,000000;
JAVA;Select N;156000;0;0,000000;
JAVA;Select N;157000;0;0,000000;
JAVA;Select N;158000;0;0,000000;
JAVA;Select N;159000;0;0,000000;
JAVA;Select N;160000;0;0,000000;
JAVA;Select N;161000;0;0,000000;
JAVA;Select N;162000;0;0,000000;
JAVA;Select N;163000;0;0,000000;
JAVA;Select N;164000;0;0,000000;
JAVA;Select N;165000;0;0,000000;
JAVA;Select N;166000;0;0,000000;
JAVA;Select N;167000;0;0,000000;
JAVA;Select N;168000;0;0,000000;
JAVA;Select N;169000;0;0,000000;
JAVA;Select N;170000;0;0,000000;
JAVA;Select N;171000;0;0,000000;
JAVA;Select N;172000;0;0,000000;
JAVA;Select N;173000;0;0,000000;
JAVA;Select N;174000;0;0,000000;
JAVA;Select N;175000;0;0,000000;
JAVA;Select N;176000;0;0,000000;
JAVA;Select N;177000;0;0,000000;
JAVA;Select N;178000;0;0,000000;
JAVA;Select N;179000;0;0,000000;
JAVA;Select N;180000;0;0,000000;
JAVA;Select N;181000;0;0,000000;
JAVA;Select N;182000;0;0,000000;
JAVA;Select N;183000;0;0,000000;
JAVA;Select N;184000;0;0,000000;
JAVA;Select N;185000;0;0,000000;
JAVA;Select N;186000;0;0,000000;
JAVA;Select N;187000;0;0,000000;
JAVA;Select N;188000;0;0,000000;
JAVA;Select N;189000;0;0,000000;
JAVA;Select N;190000;0;0,000000;
JAVA;Select N;191000;0;0,000000;
JAVA;Select N;192000;0;0,000000;
JAVA;Select N;193000;0;0,000000;
JAVA;Select N;194000;0;0,000000;
JAVA;Select N;195000;0;0,000000;
JAVA;Select N;196000;0;0,000000;
JAVA;Select N;197000;0;0,000000;
JAVA;Select N;198000;0;0,000000;
JAVA;Select N;199000;0;0,000000;
JAVA;Select N;200000;0;0,000000;
JAVA;Select N;201000;0;0,000000;
JAVA;Select N;202000;0;0,000000;
JAVA;Select N;203000;0;0,000000;
JAVA;Select N;204000;0;0,000000;
JAVA;Select N;205000;0;0,000000;
JAVA;Select N;206000;0;0,000000;
JAVA;Select N;207000;0;0,000000;
JAVA;Select N;208000;0;0,000000;
JAVA;Select N;209000;0;0,000000;
JAVA;Select N;210000;0;0,000000;
JAVA;Select N;211000;0;0,000000;
JAVA;Select N;212000;0;0,000000;
JAVA;Select N;213000;0;0,000000;
JAVA;Select N;214000;0;0,000000;
JAVA;Select N;215000;0;0,000000;
JAVA;Select N;216000;0;0,000000;
JAVA;Select N;217000;0;0,000000;
JAVA;Select N;218000;0;0,000000;
JAVA;Select N;219000;0;0,000000;
JAVA;Select N;220000;0;0,000000;
JAVA;Select N;221000;0;0,000000;
JAVA;Select N;222000;0;0,000000;
JAVA;Select N;223000;0;0,000000;
JAVA;Select N;224000;0;0,000000;
JAVA;Select N;225000;0;0,000000;
JAVA;Select N;226000;0;0,000000;
JAVA;Select N;227000;0;0,000000;
JAVA;Select N;228000;0;0,000000;
JAVA;Select N;229000;0;0,000000;
JAVA;Select N;230000;0;0,000000;
JAVA;Select N;231000;0;0,000000;
JAVA;Select N;232000;0;0,000000;
JAVA;Select N;233000;0;0,000000;
JAVA;Select N;234000;0;0,000000;
JAVA;Select N;235000;0;0,000000;
JAVA;Select N;236000;0;0,000000;
JAVA;Select N;237000;0;0,000000;
JAVA;Select N;238000;0;0,000000;
JAVA;Select N;239000;0;0,000000;
JAVA;Select N;240000;0;0,000000;
JAVA;Select N;241000;0;0,000000;
JAVA;Select N;242000;0;0,000000;
JAVA;Select N;243000;0;0,000000;
JAVA;Select N;244000;0;0,000000;
JAVA;Select N;245000;0;0,000000;
JAVA;Select N;246000;0;0,000000;
JAVA;Select N;247000;0;0,000000;
JAVA;Select N;248000;0;0,000000;
JAVA;Select N;249000;0;0,000000;
JAVA;Select N;250000;0;0,000000;

JAVA;Select N;100;1;0,546905;
JAVA;Select N;1000;1;3,662694;
JAVA;Select N;2000;1;2,013034;
JAVA;Select N;3000;1;3,222166;
JAVA;Select N;4000;1;3,629199;
JAVA;Select N;5000;1;2,566362;
JAVA;Select N;6000;1;4,565750;
JAVA;Select N;7000;1;4,916838;
JAVA;Select N;8000;1;6,144026;
JAVA;Select N;9000;1;6,392018;
JAVA;Select N;10000;1;6,076006;
JAVA;Select N;11000;1;5,652890;
JAVA;Select N;12000;1;6,238302;
JAVA;Select N;13000;1;4,817064;
JAVA;Select N;14000;1;3,831249;
JAVA;Select N;15000;1;3,426242;
JAVA;Select N;16000;1;3,766583;
JAVA;Select N;17000;1;3,925127;
JAVA;Select N;18000;1;5,223098;
JAVA;Select N;19000;1;7,117686;
JAVA;Select N;20000;1;10,994820;
JAVA;Select N;21000;1;10,028543;
JAVA;Select N;22000;1;10,845546;
JAVA;Select N;23000;1;10,309496;
JAVA;Select N;24000;1;13,497623;
JAVA;Select N;25000;1;12,553626;
JAVA;Select N;26000;1;12,235432;
JAVA;Select N;27000;1;14,713402;
JAVA;Select N;28000;1;17,141914;
JAVA;Select N;29000;1;11,793791;
JAVA;Select N;30000;1;15,407945;
JAVA;Select N;31000;1;16,328988;
JAVA;Select N;32000;1;15,630600;
JAVA;Select N;33000;1;15,546750;
JAVA;Select N;34000;1;15,768814;
JAVA;Select N;35000;1;15,610398;
JAVA;Select N;36000;1;17,993758;
JAVA;Select N;37000;1;17,604152;
JAVA;Select N;38000;1;18,203057;
JAVA;Select N;39000;1;19,531666;
JAVA;Select N;40000;1;18,777114;
JAVA;Select N;41000;1;19,145455;
JAVA;Select N;42000;1;18,795849;
JAVA;Select N;43000;1;17,749568;
JAVA;Select N;44000;1;19,784846;
JAVA;Select N;45000;1;21,252883;
JAVA;Select N;46000;1;21,372878;
JAVA;Select N;47000;1;19,586556;
JAVA;Select N;48000;1;20,555419;
JAVA;Select N;49000;1;21,644382;
JAVA;Select N;50000;1;22,015824;
JAVA;Select N;51000;1;22,824435;
JAVA;Select N;52000;1;22,395256;
JAVA;Select N;53000;1;22,808316;
JAVA;Select N;54000;1;23,788037;
JAVA;Select N;55000;1;24,705543;
JAVA;Select N;56000;1;25,607951;
JAVA;Select N;57000;1;22,951163;
JAVA;Select N;58000;1;22,906068;
JAVA;Select N;59000;1;25,712913;
JAVA;Select N;60000;1;26,038848;
JAVA;Select N;61000;1;26,405487;
JAVA;Select N;62000;1;27,686703;
JAVA;Select N;63000;1;27,025241;
JAVA;Select N;64000;1;28,092022;
JAVA;Select N;65000;1;26,100359;
JAVA;Select N;66000;1;28,319025;
JAVA;Select N;67000;1;29,969789;
JAVA;Select N;68000;1;28,197515;
JAVA;Select N;69000;1;29,606073;
JAVA;Select N;70000;1;30,638733;
JAVA;Select N;71000;1;31,303781;
JAVA;Select N;72000;1;28,956666;
JAVA;Select N;73000;1;29,306158;
JAVA;Select N;74000;1;28,424349;
JAVA;Select N;75000;1;32,700421;
JAVA;Select N;76000;1;30,509870;
JAVA;Select N;77000;1;29,217536;
JAVA;Select N;78000;1;32,232067;
JAVA;Select N;79000;1;31,108747;
JAVA;Select N;80000;1;31,099585;
JAVA;Select N;81000;1;33,185882;
JAVA;Select N;82000;1;29,620173;
JAVA;Select N;83000;1;33,546044;
JAVA;Select N;84000;1;34,832706;
JAVA;Select N;85000;1;32,910890;
JAVA;Select N;86000;1;32,798627;
JAVA;Select N;87000;1;33,873380;
JAVA;Select N;88000;1;35,500564;
JAVA;Select N;89000;1;32,941794;
JAVA;Select N;90000;1;33,639727;
JAVA;Select N;91000;1;32,926042;
JAVA;Select N;92000;1;35,631860;
JAVA;Select N;93000;1;36,885466;
JAVA;Select N;94000;1;34,759892;
JAVA;Select N;95000;1;34,709784;
JAVA;Select N;96000;1;38,255322;
JAVA;Select N;97000;1;36,513712;
JAVA;Select N;98000;1;36,044160;
JAVA;Select N;99000;1;38,583109;
JAVA;Select N;100000;1;36,285981;
JAVA;Select N;101000;1;38,330387;
JAVA;Select N;102000;1;36,841856;
JAVA;Select N;103000;1;39,897362;
JAVA;Select N;104000;1;39,694458;
JAVA;Select N;105000;1;39,619964;
JAVA;Select N;106000;1;36,307406;
JAVA;Select N;107000;1;37,889682;
JAVA;Select N;108000;1;39,605844;
JAVA;Select N;109000;1;38,240885;
JAVA;Select N;110000;1;41,151739;
JAVA;Select N;111000;1;40,051702;
JAVA;Select N;112000;1;39,451417;
JAVA;Select N;113000;1;39,243727;
JAVA;Select N;114000;1;40,890742;
JAVA;Select N;115000;1;40,214916;
JAVA;Select N;116000;1;41,331859;
JAVA;Select N;117000;1;41,207110;
JAVA;Select N;118000;1;41,484074;
JAVA;Select N;119000;1;40,147083;
JAVA;Select N;120000;1;41,705843;
JAVA;Select N;121000;1;42,188649;
JAVA;Select N;122000;1;43,072329;
JAVA;Select N;123000;1;43,094624;
JAVA;Select N;124000;1;44,071675;
JAVA;Select N;125000;1;44,632423;
JAVA;Select N;126000;1;41,740089;
JAVA;Select N;127000;1;44,620307;
JAVA;Select N;128000;1;45,316779;
JAVA;Select N;129000;1;42,057279;
JAVA;Select N;130000;1;43,623955;
JAVA;Select N;131000;1;44,510240;
JAVA;Select N;132000;1;44,812982;
JAVA;Select N;133000;1;45,644224;
JAVA;Select N;134000;1;45,688485;
JAVA;Select N;135000;1;46,002923;
JAVA;Select N;136000;1;47,494853;
JAVA;Select N;137000;1;46,623414;
JAVA;Select N;138000;1;46,610029;
JAVA;Select N;139000;1;48,107598;
JAVA;Select N;140000;1;47,304013;
JAVA;Select N;141000;1;51,144332;
JAVA;Select N;142000;1;47,135942;
JAVA;Select N;143000;1;46,921980;
JAVA;Select N;144000;1;45,584570;
JAVA;Select N;145000;1;47,707482;
JAVA;Select N;146000;1;50,012664;
JAVA;Select N;147000;1;49,272227;
JAVA;Select N;148000;1;49,739998;
JAVA;Select N;149000;1;50,566838;
JAVA;Select N;150000;1;50,302792;
JAVA;Select N;151000;1;48,430686;
JAVA;Select N;152000;1;50,570737;
JAVA;Select N;153000;1;49,479390;
JAVA;Select N;154000;1;50,718956;
JAVA;Select N;155000;1;50,853076;
JAVA;Select N;156000;1;50,689209;
JAVA;Select N;157000;1;51,936735;
JAVA;Select N;158000;1;49,840073;
JAVA;Select N;159000;1;53,070439;
JAVA;Select N;160000;1;53,028801;
JAVA;Select N;161000;1;51,175601;
JAVA;Select N;162000;1;52,716004;
JAVA;Select N;163000;1;49,371478;
JAVA;Select N;164000;1;55,284334;
JAVA;Select N;165000;1;54,120069;
JAVA;Select N;166000;1;51,480276;
JAVA;Select N;167000;1;55,724808;
JAVA;Select N;168000;1;53,474435;
JAVA;Select N;169000;1;55,147777;
JAVA;Select N;170000;1;52,238893;
JAVA;Select N;171000;1;55,807974;
JAVA;Select N;172000;1;55,566286;
JAVA;Select N;173000;1;55,655025;
JAVA;Select N;174000;1;56,622360;
JAVA;Select N;175000;1;55,559943;
JAVA;Select N;176000;1;54,775100;
JAVA;Select N;177000;1;55,980457;
JAVA;Select N;178000;1;58,808723;
JAVA;Select N;179000;1;54,878197;
JAVA;Select N;180000;1;56,920431;
JAVA;Select N;181000;1;56,911923;
JAVA;Select N;182000;1;59,150848;
JAVA;Select N;183000;1;58,083802;
JAVA;Select N;184000;1;58,715248;
JAVA;Select N;185000;1;59,198023;
JAVA;Select N;186000;1;58,731678;
JAVA;Select N;187000;1;58,992737;
JAVA;Select N;188000;1;60,688519;
JAVA;Select N;189000;1;57,602325;
JAVA;Select N;190000;1;60,144059;
JAVA;Select N;191000;1;63,046712;
JAVA;Select N;192000;1;59,156733;
JAVA;Select N;193000;1;60,121234;
JAVA;Select N;194000;1;60,378061;
JAVA;Select N;195000;1;59,830291;
JAVA;Select N;196000;1;61,882446;
JAVA;Select N;197000;1;62,962342;
JAVA;Select N;198000;1;60,444014;
JAVA;Select N;199000;1;61,953480;
JAVA;Select N;200000;1;62,362113;
JAVA;Select N;201000;1;61,900403;
JAVA;Select N;202000;1;62,659464;
JAVA;Select N;203000;1;61,497417;
JAVA;Select N;204000;1;62,703245;
JAVA;Select N;205000;1;65,698636;
JAVA;Select N;206000;1;62,957194;
JAVA;Select N;207000;1;62,339260;
JAVA;Select N;208000;1;65,180781;
JAVA;Select N;209000;1;64,765969;
JAVA;Select N;210000;1;65,607627;
JAVA;Select N;211000;1;66,019208;
JAVA;Select N;212000;1;66,549018;
JAVA;Select N;213000;1;65,225252;
JAVA;Select N;214000;1;66,065992;
JAVA;Select N;215000;1;65,722296;
JAVA;Select N;216000;1;67,416211;
JAVA;Select N;217000;1;66,517727;
JAVA;Select N;218000;1;68,687800;
JAVA;Select N;219000;1;66,719606;
JAVA;Select N;220000;1;68,025338;
JAVA;Select N;221000;1;68,890938;
JAVA;Select N;222000;1;67,650641;
JAVA;Select N;223000;1;70,917945;
JAVA;Select N;224000;1;71,338958;
JAVA;Select N;225000;1;70,458047;
JAVA;Select N;226000;1;71,483296;
JAVA;Select N;227000;1;70,046198;
JAVA;Select N;228000;1;70,663819;
JAVA;Select N;229000;1;70,166120;
JAVA;Select N;230000;1;71,722988;
JAVA;Select N;231000;1;72,909900;
JAVA;Select N;232000;1;71,347755;
JAVA;Select N;233000;1;73,137047;
JAVA;Select N;234000;1;72,895402;
JAVA;Select N;235000;1;72,685754;
JAVA;Select N;236000;1;73,335189;
JAVA;Select N;237000;1;73,427150;
JAVA;Select N;238000;1;73,436489;
JAVA;Select N;239000;1;74,176196;
JAVA;Select N;240000;1;73,740189;
JAVA;Select N;241000;1;76,037953;
JAVA;Select N;242000;1;73,868836;
JAVA;Select N;243000;1;74,134077;
JAVA;Select N;244000;1;75,883626;
JAVA;Select N;245000;1;77,408674;
JAVA;Select N;246000;1;76,801669;
JAVA;Select N;247000;1;76,668994;
JAVA;Select N;248000;1;78,182344;
JAVA;Select N;249000;1;77,912783;
JAVA;Select N;250000;1;77,681171;

JAVA;Select N;100;10;0,385167;
JAVA;Select N;1000;10;1,756858;
JAVA;Select N;2000;10;2,132498;
JAVA;Select N;3000;10;2,562427;
JAVA;Select N;4000;10;3,291378;
JAVA;Select N;5000;10;2,999150;
JAVA;Select N;6000;10;5,517833;
JAVA;Select N;7000;10;5,823232;
JAVA;Select N;8000;10;7,150107;
JAVA;Select N;9000;10;5,510525;
JAVA;Select N;10000;10;6,925820;
JAVA;Select N;11000;10;7,480742;
JAVA;Select N;12000;10;6,136729;
JAVA;Select N;13000;10;7,519582;
JAVA;Select N;14000;10;6,274770;
JAVA;Select N;15000;10;5,776657;
JAVA;Select N;16000;10;8,227318;
JAVA;Select N;17000;10;7,886347;
JAVA;Select N;18000;10;8,228756;
JAVA;Select N;19000;10;9,658055;
JAVA;Select N;20000;10;11,086605;
JAVA;Select N;21000;10;5,798966;
JAVA;Select N;22000;10;11,458827;
JAVA;Select N;23000;10;5,927774;
JAVA;Select N;24000;10;11,906213;
JAVA;Select N;25000;10;11,093910;
JAVA;Select N;26000;10;9,859486;
JAVA;Select N;27000;10;14,456595;
JAVA;Select N;28000;10;17,006256;
JAVA;Select N;29000;10;18,351781;
JAVA;Select N;30000;10;13,327875;
JAVA;Select N;31000;10;16,001554;
JAVA;Select N;32000;10;12,647686;
JAVA;Select N;33000;10;14,475221;
JAVA;Select N;34000;10;21,165727;
JAVA;Select N;35000;10;18,807425;
JAVA;Select N;36000;10;13,809348;
JAVA;Select N;37000;10;13,940993;
JAVA;Select N;38000;10;18,168795;
JAVA;Select N;39000;10;18,858690;
JAVA;Select N;40000;10;20,146639;
JAVA;Select N;41000;10;17,505235;
JAVA;Select N;42000;10;19,208232;
JAVA;Select N;43000;10;19,950499;
JAVA;Select N;44000;10;18,795737;
JAVA;Select N;45000;10;18,892005;
JAVA;Select N;46000;10;24,633680;
JAVA;Select N;47000;10;19,534474;
JAVA;Select N;48000;10;22,479615;
JAVA;Select N;49000;10;24,337130;
JAVA;Select N;50000;10;23,293730;
JAVA;Select N;51000;10;21,350450;
JAVA;Select N;52000;10;23,152766;
JAVA;Select N;53000;10;23,309385;
JAVA;Select N;54000;10;27,054267;
JAVA;Select N;55000;10;25,140253;
JAVA;Select N;56000;10;24,827048;
JAVA;Select N;57000;10;23,256878;
JAVA;Select N;58000;10;21,128956;
JAVA;Select N;59000;10;26,277297;
JAVA;Select N;60000;10;30,126655;
JAVA;Select N;61000;10;24,966429;
JAVA;Select N;62000;10;28,355259;
JAVA;Select N;63000;10;25,113845;
JAVA;Select N;64000;10;25,415512;
JAVA;Select N;65000;10;27,490583;
JAVA;Select N;66000;10;27,616872;
JAVA;Select N;67000;10;29,330255;
JAVA;Select N;68000;10;27,187951;
JAVA;Select N;69000;10;25,985202;
JAVA;Select N;70000;10;28,074640;
JAVA;Select N;71000;10;31,130674;
JAVA;Select N;72000;10;26,918825;
JAVA;Select N;73000;10;28,614765;
JAVA;Select N;74000;10;28,974352;
JAVA;Select N;75000;10;27,148478;
JAVA;Select N;76000;10;29,983865;
JAVA;Select N;77000;10;28,815448;
JAVA;Select N;78000;10;32,597413;
JAVA;Select N;79000;10;33,456528;
JAVA;Select N;80000;10;32,058219;
JAVA;Select N;81000;10;31,128273;
JAVA;Select N;82000;10;34,484782;
JAVA;Select N;83000;10;36,131951;
JAVA;Select N;84000;10;36,582817;
JAVA;Select N;85000;10;32,997830;
JAVA;Select N;86000;10;31,533252;
JAVA;Select N;87000;10;33,300945;
JAVA;Select N;88000;10;35,087602;
JAVA;Select N;89000;10;34,699956;
JAVA;Select N;90000;10;35,589292;
JAVA;Select N;91000;10;34,059726;
JAVA;Select N;92000;10;38,927016;
JAVA;Select N;93000;10;36,291380;
JAVA;Select N;94000;10;37,231256;
JAVA;Select N;95000;10;33,975248;
JAVA;Select N;96000;10;34,363781;
JAVA;Select N;97000;10;34,608185;
JAVA;Select N;98000;10;37,508326;
JAVA;Select N;99000;10;36,057209;
JAVA;Select N;100000;10;42,934391;
JAVA;Select N;101000;10;35,622985;
JAVA;Select N;102000;10;36,212638;
JAVA;Select N;103000;10;35,068713;
JAVA;Select N;104000;10;41,157163;
JAVA;Select N;105000;10;37,380476;
JAVA;Select N;106000;10;37,098359;
JAVA;Select N;107000;10;41,148024;
JAVA;Select N;108000;10;37,678359;
JAVA;Select N;109000;10;38,745628;
JAVA;Select N;110000;10;43,831683;
JAVA;Select N;111000;10;38,923153;
JAVA;Select N;112000;10;40,972694;
JAVA;Select N;113000;10;40,870769;
JAVA;Select N;114000;10;40,018434;
JAVA;Select N;115000;10;45,395428;
JAVA;Select N;116000;10;37,769191;
JAVA;Select N;117000;10;40,714544;
JAVA;Select N;118000;10;44,001152;
JAVA;Select N;119000;10;42,044548;
JAVA;Select N;120000;10;41,177112;
JAVA;Select N;121000;10;42,917660;
JAVA;Select N;122000;10;42,093965;
JAVA;Select N;123000;10;43,885168;
JAVA;Select N;124000;10;42,247677;
JAVA;Select N;125000;10;44,146458;
JAVA;Select N;126000;10;46,593472;
JAVA;Select N;127000;10;41,903436;
JAVA;Select N;128000;10;44,905224;
JAVA;Select N;129000;10;43,208662;
JAVA;Select N;130000;10;47,441266;
JAVA;Select N;131000;10;45,680293;
JAVA;Select N;132000;10;50,454929;
JAVA;Select N;133000;10;44,778395;
JAVA;Select N;134000;10;47,850520;
JAVA;Select N;135000;10;43,895128;
JAVA;Select N;136000;10;47,517906;
JAVA;Select N;137000;10;42,102022;
JAVA;Select N;138000;10;48,897404;
JAVA;Select N;139000;10;42,946370;
JAVA;Select N;140000;10;47,455060;
JAVA;Select N;141000;10;48,005488;
JAVA;Select N;142000;10;48,571513;
JAVA;Select N;143000;10;47,859773;
JAVA;Select N;144000;10;47,435009;
JAVA;Select N;145000;10;49,689499;
JAVA;Select N;146000;10;49,417638;
JAVA;Select N;147000;10;48,487338;
JAVA;Select N;148000;10;49,025364;
JAVA;Select N;149000;10;50,691249;
JAVA;Select N;150000;10;49,274792;
JAVA;Select N;151000;10;48,768956;
JAVA;Select N;152000;10;56,011207;
JAVA;Select N;153000;10;51,347326;
JAVA;Select N;154000;10;50,138723;
JAVA;Select N;155000;10;53,844958;
JAVA;Select N;156000;10;50,338492;
JAVA;Select N;157000;10;52,116165;
JAVA;Select N;158000;10;53,397155;
JAVA;Select N;159000;10;54,549668;
JAVA;Select N;160000;10;55,098396;
JAVA;Select N;161000;10;57,299080;
JAVA;Select N;162000;10;55,359816;
JAVA;Select N;163000;10;53,034607;
JAVA;Select N;164000;10;55,253611;
JAVA;Select N;165000;10;58,347433;
JAVA;Select N;166000;10;53,944649;
JAVA;Select N;167000;10;55,039153;
JAVA;Select N;168000;10;55,441061;
JAVA;Select N;169000;10;58,899980;
JAVA;Select N;170000;10;53,149414;
JAVA;Select N;171000;10;55,361711;
JAVA;Select N;172000;10;59,251405;
JAVA;Select N;173000;10;60,837606;
JAVA;Select N;174000;10;58,841919;
JAVA;Select N;175000;10;56,655860;
JAVA;Select N;176000;10;60,634058;
JAVA;Select N;177000;10;55,733255;
JAVA;Select N;178000;10;60,358475;
JAVA;Select N;179000;10;57,230868;
JAVA;Select N;180000;10;56,387121;
JAVA;Select N;181000;10;58,872695;
JAVA;Select N;182000;10;61,621684;
JAVA;Select N;183000;10;58,068462;
JAVA;Select N;184000;10;62,510286;
JAVA;Select N;185000;10;59,991477;
JAVA;Select N;186000;10;58,280687;
JAVA;Select N;187000;10;59,882004;
JAVA;Select N;188000;10;62,710517;
JAVA;Select N;189000;10;64,132448;
JAVA;Select N;190000;10;62,248876;
JAVA;Select N;191000;10;63,449514;
JAVA;Select N;192000;10;62,149811;
JAVA;Select N;193000;10;62,221211;
JAVA;Select N;194000;10;62,109953;
JAVA;Select N;195000;10;66,005174;
JAVA;Select N;196000;10;65,657767;
JAVA;Select N;197000;10;65,737191;
JAVA;Select N;198000;10;62,757608;
JAVA;Select N;199000;10;71,110413;
JAVA;Select N;200000;10;67,756045;
JAVA;Select N;201000;10;65,928157;
JAVA;Select N;202000;10;63,616334;
JAVA;Select N;203000;10;66,004043;
JAVA;Select N;204000;10;67,477472;
JAVA;Select N;205000;10;68,628165;
JAVA;Select N;206000;10;67,386336;
JAVA;Select N;207000;10;68,924791;
JAVA;Select N;208000;10;70,124274;
JAVA;Select N;209000;10;71,437852;
JAVA;Select N;210000;10;69,431620;
JAVA;Select N;211000;10;70,762925;
JAVA;Select N;212000;10;68,872733;
JAVA;Select N;213000;10;69,947995;
JAVA;Select N;214000;10;71,404401;
JAVA;Select N;215000;10;69,381323;
JAVA;Select N;216000;10;71,313386;
JAVA;Select N;217000;10;69,227617;
JAVA;Select N;218000;10;70,872517;
JAVA;Select N;219000;10;69,446522;
JAVA;Select N;220000;10;69,492204;
JAVA;Select N;221000;10;72,551037;
JAVA;Select N;222000;10;71,692014;
JAVA;Select N;223000;10;69,466158;
JAVA;Select N;224000;10;75,180867;
JAVA;Select N;225000;10;75,326769;
JAVA;Select N;226000;10;73,634560;
JAVA;Select N;227000;10;70,087042;
JAVA;Select N;228000;10;69,994910;
JAVA;Select N;229000;10;72,075225;
JAVA;Select N;230000;10;68,238404;
JAVA;Select N;231000;10;74,095162;
JAVA;Select N;232000;10;78,404208;
JAVA;Select N;233000;10;73,977623;
JAVA;Select N;234000;10;72,000675;
JAVA;Select N;235000;10;76,043086;
JAVA;Select N;236000;10;79,630600;
JAVA;Select N;237000;10;78,393169;
JAVA;Select N;238000;10;78,663455;
JAVA;Select N;239000;10;80,920633;
JAVA;Select N;240000;10;75,281777;
JAVA;Select N;241000;10;78,144695;
JAVA;Select N;242000;10;77,884441;
JAVA;Select N;243000;10;77,109819;
JAVA;Select N;244000;10;80,647062;
JAVA;Select N;245000;10;80,066366;
JAVA;Select N;246000;10;80,131177;
JAVA;Select N;247000;10;80,079108;
JAVA;Select N;248000;10;79,032027;
JAVA;Select N;249000;10;82,405383;
JAVA;Select N;250000;10;81,219765;

JAVA;Select N;100;100;0,491026;
JAVA;Select N;1000;100;1,614822;
JAVA;Select N;2000;100;1,862105;
JAVA;Select N;3000;100;3,603711;
JAVA;Select N;4000;100;2,892122;
JAVA;Select N;5000;100;3,397119;
JAVA;Select N;6000;100;4,399579;
JAVA;Select N;7000;100;6,687945;
JAVA;Select N;8000;100;6,907415;
JAVA;Select N;9000;100;6,615715;
JAVA;Select N;10000;100;6,044280;
JAVA;Select N;11000;100;7,051335;
JAVA;Select N;12000;100;5,330529;
JAVA;Select N;13000;100;7,425343;
JAVA;Select N;14000;100;7,094504;
JAVA;Select N;15000;100;6,421243;
JAVA;Select N;16000;100;7,879083;
JAVA;Select N;17000;100;7,532439;
JAVA;Select N;18000;100;8,424673;
JAVA;Select N;19000;100;9,313963;
JAVA;Select N;20000;100;10,078913;
JAVA;Select N;21000;100;13,384539;
JAVA;Select N;22000;100;10,664319;
JAVA;Select N;23000;100;11,905125;
JAVA;Select N;24000;100;13,839762;
JAVA;Select N;25000;100;11,955198;
JAVA;Select N;26000;100;14,422589;
JAVA;Select N;27000;100;13,491333;
JAVA;Select N;28000;100;15,263933;
JAVA;Select N;29000;100;13,595979;
JAVA;Select N;30000;100;17,077693;
JAVA;Select N;31000;100;12,596976;
JAVA;Select N;32000;100;19,572062;
JAVA;Select N;33000;100;16,496309;
JAVA;Select N;34000;100;17,869004;
JAVA;Select N;35000;100;17,996350;
JAVA;Select N;36000;100;13,372953;
JAVA;Select N;37000;100;17,409929;
JAVA;Select N;38000;100;22,024087;
JAVA;Select N;39000;100;21,043628;
JAVA;Select N;40000;100;22,542051;
JAVA;Select N;41000;100;18,625741;
JAVA;Select N;42000;100;23,822901;
JAVA;Select N;43000;100;22,672264;
JAVA;Select N;44000;100;19,136324;
JAVA;Select N;45000;100;18,130289;
JAVA;Select N;46000;100;21,420546;
JAVA;Select N;47000;100;24,973774;
JAVA;Select N;48000;100;20,914326;
JAVA;Select N;49000;100;21,235594;
JAVA;Select N;50000;100;21,645946;
JAVA;Select N;51000;100;19,259371;
JAVA;Select N;52000;100;23,117863;
JAVA;Select N;53000;100;27,917773;
JAVA;Select N;54000;100;23,491875;
JAVA;Select N;55000;100;25,686777;
JAVA;Select N;56000;100;26,492652;
JAVA;Select N;57000;100;26,234140;
JAVA;Select N;58000;100;25,097784;
JAVA;Select N;59000;100;24,665120;
JAVA;Select N;60000;100;24,520817;
JAVA;Select N;61000;100;27,104979;
JAVA;Select N;62000;100;23,636046;
JAVA;Select N;63000;100;31,857048;
JAVA;Select N;64000;100;23,852426;
JAVA;Select N;65000;100;28,428918;
JAVA;Select N;66000;100;23,892005;
JAVA;Select N;67000;100;24,602964;
JAVA;Select N;68000;100;25,615686;
JAVA;Select N;69000;100;27,234224;
JAVA;Select N;70000;100;28,380495;
JAVA;Select N;71000;100;29,654641;
JAVA;Select N;72000;100;31,932844;
JAVA;Select N;73000;100;26,872513;
JAVA;Select N;74000;100;30,825932;
JAVA;Select N;75000;100;32,474009;
JAVA;Select N;76000;100;34,238516;
JAVA;Select N;77000;100;32,168970;
JAVA;Select N;78000;100;27,813284;
JAVA;Select N;79000;100;33,364421;
JAVA;Select N;80000;100;31,772528;
JAVA;Select N;81000;100;35,241373;
JAVA;Select N;82000;100;32,613298;
JAVA;Select N;83000;100;32,197487;
JAVA;Select N;84000;100;34,543975;
JAVA;Select N;85000;100;31,405851;
JAVA;Select N;86000;100;36,397697;
JAVA;Select N;87000;100;34,237082;
JAVA;Select N;88000;100;34,353078;
JAVA;Select N;89000;100;33,789402;
JAVA;Select N;90000;100;34,197477;
JAVA;Select N;91000;100;35,357070;
JAVA;Select N;92000;100;30,303739;
JAVA;Select N;93000;100;32,189288;
JAVA;Select N;94000;100;35,292413;
JAVA;Select N;95000;100;34,365625;
JAVA;Select N;96000;100;33,921404;
JAVA;Select N;97000;100;38,187627;
JAVA;Select N;98000;100;35,707689;
JAVA;Select N;99000;100;40,037187;
JAVA;Select N;100000;100;38,884615;
JAVA;Select N;101000;100;36,781345;
JAVA;Select N;102000;100;38,604686;
JAVA;Select N;103000;100;39,230779;
JAVA;Select N;104000;100;37,170760;
JAVA;Select N;105000;100;42,609725;
JAVA;Select N;106000;100;39,391972;
JAVA;Select N;107000;100;38,947091;
JAVA;Select N;108000;100;39,353671;
JAVA;Select N;109000;100;39,538045;
JAVA;Select N;110000;100;40,758405;
JAVA;Select N;111000;100;39,609885;
JAVA;Select N;112000;100;42,066665;
JAVA;Select N;113000;100;44,095366;
JAVA;Select N;114000;100;39,893408;
JAVA;Select N;115000;100;42,761172;
JAVA;Select N;116000;100;39,431753;
JAVA;Select N;117000;100;40,742658;
JAVA;Select N;118000;100;40,210102;
JAVA;Select N;119000;100;45,251344;
JAVA;Select N;120000;100;44,464209;
JAVA;Select N;121000;100;47,941854;
JAVA;Select N;122000;100;43,348866;
JAVA;Select N;123000;100;43,329874;
JAVA;Select N;124000;100;45,518577;
JAVA;Select N;125000;100;42,751100;
JAVA;Select N;126000;100;42,015626;
JAVA;Select N;127000;100;40,382766;
JAVA;Select N;128000;100;41,986575;
JAVA;Select N;129000;100;45,206403;
JAVA;Select N;130000;100;46,723099;
JAVA;Select N;131000;100;45,292743;
JAVA;Select N;132000;100;47,394740;
JAVA;Select N;133000;100;45,669608;
JAVA;Select N;134000;100;47,705375;
JAVA;Select N;135000;100;45,195551;
JAVA;Select N;136000;100;47,140268;
JAVA;Select N;137000;100;51,265743;
JAVA;Select N;138000;100;48,951876;
JAVA;Select N;139000;100;48,496484;
JAVA;Select N;140000;100;50,110010;
JAVA;Select N;141000;100;50,592009;
JAVA;Select N;142000;100;46,956213;
JAVA;Select N;143000;100;45,268189;
JAVA;Select N;144000;100;45,895025;
JAVA;Select N;145000;100;47,232179;
JAVA;Select N;146000;100;47,953711;
JAVA;Select N;147000;100;49,450832;
JAVA;Select N;148000;100;51,296854;
JAVA;Select N;149000;100;49,092151;
JAVA;Select N;150000;100;50,745831;
JAVA;Select N;151000;100;51,849515;
JAVA;Select N;152000;100;51,698143;
JAVA;Select N;153000;100;47,559266;
JAVA;Select N;154000;100;47,377474;
JAVA;Select N;155000;100;52,582256;
JAVA;Select N;156000;100;53,189572;
JAVA;Select N;157000;100;49,971753;
JAVA;Select N;158000;100;56,206438;
JAVA;Select N;159000;100;56,186407;
JAVA;Select N;160000;100;54,250823;
JAVA;Select N;161000;100;53,902665;
JAVA;Select N;162000;100;52,564387;
JAVA;Select N;163000;100;51,158489;
JAVA;Select N;164000;100;56,336596;
JAVA;Select N;165000;100;49,421589;
JAVA;Select N;166000;100;57,320739;
JAVA;Select N;167000;100;55,768850;
JAVA;Select N;168000;100;59,311097;
JAVA;Select N;169000;100;54,712207;
JAVA;Select N;170000;100;55,031283;
JAVA;Select N;171000;100;56,709546;
JAVA;Select N;172000;100;56,007759;
JAVA;Select N;173000;100;59,224499;
JAVA;Select N;174000;100;59,359476;
JAVA;Select N;175000;100;58,355519;
JAVA;Select N;176000;100;58,445511;
JAVA;Select N;177000;100;59,733914;
JAVA;Select N;178000;100;58,101950;
JAVA;Select N;179000;100;53,574818;
JAVA;Select N;180000;100;59,272975;
JAVA;Select N;181000;100;61,521053;
JAVA;Select N;182000;100;58,827921;
JAVA;Select N;183000;100;59,032474;
JAVA;Select N;184000;100;63,315573;
JAVA;Select N;185000;100;56,896466;
JAVA;Select N;186000;100;62,891880;
JAVA;Select N;187000;100;58,861907;
JAVA;Select N;188000;100;64,026967;
JAVA;Select N;189000;100;59,308646;
JAVA;Select N;190000;100;59,263972;
JAVA;Select N;191000;100;59,043641;
JAVA;Select N;192000;100;65,387702;
JAVA;Select N;193000;100;61,615584;
JAVA;Select N;194000;100;65,110042;
JAVA;Select N;195000;100;66,073228;
JAVA;Select N;196000;100;65,501397;
JAVA;Select N;197000;100;62,437631;
JAVA;Select N;198000;100;63,800107;
JAVA;Select N;199000;100;60,945456;
JAVA;Select N;200000;100;61,499070;
JAVA;Select N;201000;100;67,560395;
JAVA;Select N;202000;100;70,222077;
JAVA;Select N;203000;100;64,335703;
JAVA;Select N;204000;100;67,481708;
JAVA;Select N;205000;100;69,349766;
JAVA;Select N;206000;100;69,264019;
JAVA;Select N;207000;100;70,057820;
JAVA;Select N;208000;100;64,659351;
JAVA;Select N;209000;100;67,497108;
JAVA;Select N;210000;100;68,234627;
JAVA;Select N;211000;100;62,990114;
JAVA;Select N;212000;100;71,413509;
JAVA;Select N;213000;100;71,093777;
JAVA;Select N;214000;100;69,320956;
JAVA;Select N;215000;100;68,334748;
JAVA;Select N;216000;100;69,766032;
JAVA;Select N;217000;100;70,088492;
JAVA;Select N;218000;100;71,662937;
JAVA;Select N;219000;100;71,066537;
JAVA;Select N;220000;100;71,395951;
JAVA;Select N;221000;100;73,664015;
JAVA;Select N;222000;100;69,278861;
JAVA;Select N;223000;100;71,783845;
JAVA;Select N;224000;100;73,968458;
JAVA;Select N;225000;100;72,413406;
JAVA;Select N;226000;100;75,959606;
JAVA;Select N;227000;100;74,261469;
JAVA;Select N;228000;100;71,257360;
JAVA;Select N;229000;100;80,062586;
JAVA;Select N;230000;100;73,405660;
JAVA;Select N;231000;100;75,078045;
JAVA;Select N;232000;100;79,112706;
JAVA;Select N;233000;100;78,247087;
JAVA;Select N;234000;100;73,462697;
JAVA;Select N;235000;100;80,212203;
JAVA;Select N;236000;100;76,300856;
JAVA;Select N;237000;100;79,196851;
JAVA;Select N;238000;100;74,556668;
JAVA;Select N;239000;100;80,148337;
JAVA;Select N;240000;100;83,673010;
JAVA;Select N;241000;100;80,122642;
JAVA;Select N;242000;100;76,215446;
JAVA;Select N;243000;100;80,236564;
JAVA;Select N;244000;100;80,167609;
JAVA;Select N;245000;100;80,649993;
JAVA;Select N;246000;100;79,068815;
JAVA;Select N;247000;100;76,608857;
JAVA;Select N;248000;100;75,469542;
JAVA;Select N;249000;100;83,191351;
JAVA;Select N;250000;100;81,209950;

JAVA;Select N;100;1000;0,486822;
JAVA;Select N;1000;1000;1,328168;
JAVA;Select N;2000;1000;2,151984;
JAVA;Select N;3000;1000;2,450914;
JAVA;Select N;4000;1000;3,204349;
JAVA;Select N;5000;1000;3,721542;
JAVA;Select N;6000;1000;5,304719;
JAVA;Select N;7000;1000;6,574975;
JAVA;Select N;8000;1000;6,696451;
JAVA;Select N;9000;1000;6,522988;
JAVA;Select N;10000;1000;7,169007;
JAVA;Select N;11000;1000;8,763287;
JAVA;Select N;12000;1000;6,364530;
JAVA;Select N;13000;1000;7,121449;
JAVA;Select N;14000;1000;5,888116;
JAVA;Select N;15000;1000;5,950880;
JAVA;Select N;16000;1000;6,832364;
JAVA;Select N;17000;1000;8,452176;
JAVA;Select N;18000;1000;8,361129;
JAVA;Select N;19000;1000;10,112434;
JAVA;Select N;20000;1000;10,050620;
JAVA;Select N;21000;1000;9,020104;
JAVA;Select N;22000;1000;8,515943;
JAVA;Select N;23000;1000;12,574752;
JAVA;Select N;24000;1000;13,332486;
JAVA;Select N;25000;1000;13,000336;
JAVA;Select N;26000;1000;17,229184;
JAVA;Select N;27000;1000;14,815619;
JAVA;Select N;28000;1000;15,012925;
JAVA;Select N;29000;1000;13,439915;
JAVA;Select N;30000;1000;16,446698;
JAVA;Select N;31000;1000;13,157239;
JAVA;Select N;32000;1000;12,498344;
JAVA;Select N;33000;1000;13,860968;
JAVA;Select N;34000;1000;16,737746;
JAVA;Select N;35000;1000;19,930113;
JAVA;Select N;36000;1000;18,710367;
JAVA;Select N;37000;1000;20,227065;
JAVA;Select N;38000;1000;16,737741;
JAVA;Select N;39000;1000;15,721795;
JAVA;Select N;40000;1000;20,735468;
JAVA;Select N;41000;1000;22,778983;
JAVA;Select N;42000;1000;20,098272;
JAVA;Select N;43000;1000;18,336438;
JAVA;Select N;44000;1000;21,584407;
JAVA;Select N;45000;1000;17,282886;
JAVA;Select N;46000;1000;22,031049;
JAVA;Select N;47000;1000;20,893287;
JAVA;Select N;48000;1000;26,774554;
JAVA;Select N;49000;1000;20,314779;
JAVA;Select N;50000;1000;22,209967;
JAVA;Select N;51000;1000;21,328981;
JAVA;Select N;52000;1000;21,909713;
JAVA;Select N;53000;1000;26,066304;
JAVA;Select N;54000;1000;21,839304;
JAVA;Select N;55000;1000;22,979362;
JAVA;Select N;56000;1000;25,092384;
JAVA;Select N;57000;1000;23,822833;
JAVA;Select N;58000;1000;27,241849;
JAVA;Select N;59000;1000;26,186975;
JAVA;Select N;60000;1000;25,199535;
JAVA;Select N;61000;1000;27,333584;
JAVA;Select N;62000;1000;24,940713;
JAVA;Select N;63000;1000;32,126624;
JAVA;Select N;64000;1000;27,240000;
JAVA;Select N;65000;1000;29,811431;
JAVA;Select N;66000;1000;29,566321;
JAVA;Select N;67000;1000;25,310429;
JAVA;Select N;68000;1000;28,638586;
JAVA;Select N;69000;1000;28,610814;
JAVA;Select N;70000;1000;28,390760;
JAVA;Select N;71000;1000;28,561948;
JAVA;Select N;72000;1000;28,751951;
JAVA;Select N;73000;1000;30,455713;
JAVA;Select N;74000;1000;30,302780;
JAVA;Select N;75000;1000;28,752199;
JAVA;Select N;76000;1000;33,217004;
JAVA;Select N;77000;1000;29,977138;
JAVA;Select N;78000;1000;32,534030;
JAVA;Select N;79000;1000;31,925283;
JAVA;Select N;80000;1000;33,411884;
JAVA;Select N;81000;1000;32,243369;
JAVA;Select N;82000;1000;32,457845;
JAVA;Select N;83000;1000;30,828157;
JAVA;Select N;84000;1000;30,797904;
JAVA;Select N;85000;1000;33,888965;
JAVA;Select N;86000;1000;33,650087;
JAVA;Select N;87000;1000;35,308733;
JAVA;Select N;88000;1000;38,473523;
JAVA;Select N;89000;1000;34,271084;
JAVA;Select N;90000;1000;30,792618;
JAVA;Select N;91000;1000;33,002957;
JAVA;Select N;92000;1000;37,521302;
JAVA;Select N;93000;1000;36,025264;
JAVA;Select N;94000;1000;37,267732;
JAVA;Select N;95000;1000;37,632018;
JAVA;Select N;96000;1000;38,735724;
JAVA;Select N;97000;1000;37,275687;
JAVA;Select N;98000;1000;37,020003;
JAVA;Select N;99000;1000;37,840902;
JAVA;Select N;100000;1000;35,172088;
JAVA;Select N;101000;1000;37,489862;
JAVA;Select N;102000;1000;37,834912;
JAVA;Select N;103000;1000;40,172523;
JAVA;Select N;104000;1000;37,257198;
JAVA;Select N;105000;1000;39,208145;
JAVA;Select N;106000;1000;37,056157;
JAVA;Select N;107000;1000;40,139821;
JAVA;Select N;108000;1000;38,315706;
JAVA;Select N;109000;1000;35,565204;
JAVA;Select N;110000;1000;40,437499;
JAVA;Select N;111000;1000;40,527887;
JAVA;Select N;112000;1000;39,731648;
JAVA;Select N;113000;1000;39,229639;
JAVA;Select N;114000;1000;43,047070;
JAVA;Select N;115000;1000;42,873781;
JAVA;Select N;116000;1000;41,165221;
JAVA;Select N;117000;1000;45,881225;
JAVA;Select N;118000;1000;42,466009;
JAVA;Select N;119000;1000;43,701239;
JAVA;Select N;120000;1000;40,966894;
JAVA;Select N;121000;1000;43,003255;
JAVA;Select N;122000;1000;40,862758;
JAVA;Select N;123000;1000;43,854322;
JAVA;Select N;124000;1000;42,047767;
JAVA;Select N;125000;1000;43,599139;
JAVA;Select N;126000;1000;44,587015;
JAVA;Select N;127000;1000;42,287257;
JAVA;Select N;128000;1000;42,053720;
JAVA;Select N;129000;1000;45,877788;
JAVA;Select N;130000;1000;42,847858;
JAVA;Select N;131000;1000;42,516186;
JAVA;Select N;132000;1000;45,918740;
JAVA;Select N;133000;1000;49,277740;
JAVA;Select N;134000;1000;48,362930;
JAVA;Select N;135000;1000;49,689778;
JAVA;Select N;136000;1000;46,189397;
JAVA;Select N;137000;1000;49,295482;
JAVA;Select N;138000;1000;50,638684;
JAVA;Select N;139000;1000;48,845836;
JAVA;Select N;140000;1000;47,920281;
JAVA;Select N;141000;1000;47,311912;
JAVA;Select N;142000;1000;50,185466;
JAVA;Select N;143000;1000;49,500495;
JAVA;Select N;144000;1000;50,544442;
JAVA;Select N;145000;1000;50,435755;
JAVA;Select N;146000;1000;49,706562;
JAVA;Select N;147000;1000;48,532174;
JAVA;Select N;148000;1000;50,631110;
JAVA;Select N;149000;1000;51,231405;
JAVA;Select N;150000;1000;51,285781;
JAVA;Select N;151000;1000;51,299603;
JAVA;Select N;152000;1000;50,073636;
JAVA;Select N;153000;1000;48,145417;
JAVA;Select N;154000;1000;49,064939;
JAVA;Select N;155000;1000;49,291727;
JAVA;Select N;156000;1000;56,374135;
JAVA;Select N;157000;1000;53,938695;
JAVA;Select N;158000;1000;53,642029;
JAVA;Select N;159000;1000;54,506880;
JAVA;Select N;160000;1000;52,938561;
JAVA;Select N;161000;1000;50,189294;
JAVA;Select N;162000;1000;54,941011;
JAVA;Select N;163000;1000;57,654298;
JAVA;Select N;164000;1000;49,663751;
JAVA;Select N;165000;1000;56,021367;
JAVA;Select N;166000;1000;56,677451;
JAVA;Select N;167000;1000;56,584617;
JAVA;Select N;168000;1000;59,388749;
JAVA;Select N;169000;1000;53,501713;
JAVA;Select N;170000;1000;56,153504;
JAVA;Select N;171000;1000;56,253067;
JAVA;Select N;172000;1000;56,062434;
JAVA;Select N;173000;1000;53,101018;
JAVA;Select N;174000;1000;60,565966;
JAVA;Select N;175000;1000;61,722460;
JAVA;Select N;176000;1000;55,709910;
JAVA;Select N;177000;1000;59,131070;
JAVA;Select N;178000;1000;60,580138;
JAVA;Select N;179000;1000;59,316938;
JAVA;Select N;180000;1000;59,344716;
JAVA;Select N;181000;1000;58,044239;
JAVA;Select N;182000;1000;59,373090;
JAVA;Select N;183000;1000;56,514065;
JAVA;Select N;184000;1000;58,121102;
JAVA;Select N;185000;1000;61,017607;
JAVA;Select N;186000;1000;58,320727;
JAVA;Select N;187000;1000;60,542491;
JAVA;Select N;188000;1000;59,163418;
JAVA;Select N;189000;1000;62,042297;
JAVA;Select N;190000;1000;60,731073;
JAVA;Select N;191000;1000;62,099370;
JAVA;Select N;192000;1000;62,269404;
JAVA;Select N;193000;1000;69,223864;
JAVA;Select N;194000;1000;63,447403;
JAVA;Select N;195000;1000;65,464633;
JAVA;Select N;196000;1000;59,076015;
JAVA;Select N;197000;1000;67,623512;
JAVA;Select N;198000;1000;65,288113;
JAVA;Select N;199000;1000;68,108790;
JAVA;Select N;200000;1000;68,253610;
JAVA;Select N;201000;1000;65,376888;
JAVA;Select N;202000;1000;68,203449;
JAVA;Select N;203000;1000;67,941629;
JAVA;Select N;204000;1000;67,180003;
JAVA;Select N;205000;1000;66,535260;
JAVA;Select N;206000;1000;67,454506;
JAVA;Select N;207000;1000;64,493012;
JAVA;Select N;208000;1000;66,878689;
JAVA;Select N;209000;1000;66,916474;
JAVA;Select N;210000;1000;70,106870;
JAVA;Select N;211000;1000;67,129420;
JAVA;Select N;212000;1000;70,495890;
JAVA;Select N;213000;1000;66,552074;
JAVA;Select N;214000;1000;70,843672;
JAVA;Select N;215000;1000;76,420823;
JAVA;Select N;216000;1000;71,378952;
JAVA;Select N;217000;1000;74,335657;
JAVA;Select N;218000;1000;70,636255;
JAVA;Select N;219000;1000;72,431259;
JAVA;Select N;220000;1000;75,624751;
JAVA;Select N;221000;1000;72,022849;
JAVA;Select N;222000;1000;72,595138;
JAVA;Select N;223000;1000;72,630765;
JAVA;Select N;224000;1000;69,217930;
JAVA;Select N;225000;1000;73,315949;
JAVA;Select N;226000;1000;75,746456;
JAVA;Select N;227000;1000;73,808842;
JAVA;Select N;228000;1000;76,889736;
JAVA;Select N;229000;1000;71,989837;
JAVA;Select N;230000;1000;79,181004;
JAVA;Select N;231000;1000;76,968689;
JAVA;Select N;232000;1000;73,711226;
JAVA;Select N;233000;1000;76,405686;
JAVA;Select N;234000;1000;77,905194;
JAVA;Select N;235000;1000;76,954603;
JAVA;Select N;236000;1000;75,574580;
JAVA;Select N;237000;1000;77,291498;
JAVA;Select N;238000;1000;77,362687;
JAVA;Select N;239000;1000;79,048131;
JAVA;Select N;240000;1000;74,093047;
JAVA;Select N;241000;1000;82,171148;
JAVA;Select N;242000;1000;80,987286;
JAVA;Select N;243000;1000;81,251787;
JAVA;Select N;244000;1000;77,374456;
JAVA;Select N;245000;1000;80,587075;
JAVA;Select N;246000;1000;79,830332;
JAVA;Select N;247000;1000;78,072490;
JAVA;Select N;248000;1000;78,031282;
JAVA;Select N;249000;1000;83,525322;
JAVA;Select N;250000;1000;80,089976;